HW,Lab,Quiz,Midterm,Final
2.4,14.7,18.0,15.0,18.4
8.3,14.6,4.5,3.4,3.3
1.5,14.1,8.7,4.1,10.6
8.1,15.0,3.5,12.8,5.5
9.9,13.7,12.0,13.4,7.4
0.1,14.4,20.0,18.1,8.5
2.1,0.0,8.0,8.4,7.9
7.0,14.8,5.5,4.4,5.7
7.1,6.5,2.6,1.3,0.9
1.4,13.3,9.3,5.3,78.0
1.8,14.6,9.2,20.3,14.4
3.1,14.3,17.4,10.9,11.2
5.3,15.0,14.4,19.1,15.1
3.6,13.2,5.4,1.9,2.0
29.0,7.2,0.5,0.0,1.8
0.5,12.5,6.3,1.6,4.6
5.1,13.2,6.2,5.6,5.9
4.6,14.9,18.4,17.5,16.6
8.8,15.0,19.4,20.6,17.7
0.2,14.1,22.7,15.9,26.0
1.9,15.0,24.1,-17.0,33.3
4.1,12.8,8.6,11.6,5.3
0.7,14.8,17.9,12.5,20.1
6.8,15.0,13.8,8.4,9.4
3.3,14.3,5.2,1.6,0.9
